word,alias,category,kdt_id,seller_num,goods_num,team_name,mobile,qq,wechat,fx_cooperation_weixin,follower_num,fx_team_num,certification,is_recommend_supplier,is_quit_supplier,fxCountMax,fxCountMin,fxCountAvg,url,description
日用,7ohdxszc,运动户外,491391,0,0,绿行户外用品店170301,,66717111,chingwei,,0,0,True,False,True,0,0,0,https://www.youzan.com/v2/fenxiao/market/supplier/7ohdxszc,
日用,du8h8asn,日用百货,16361274,1,0,聚鲨商城全球家居用品特卖,,1410821,GHS525,,2,1,True,False,False,0,0,0,https://www.youzan.com/v2/fenxiao/market/supplier/du8h8asn,30天免费退换货。
日用,u0qvzr62,其他,13584778,479,0,汇通迅达宠物用品专营店,,2305902672,EVSCOTM,,52,480,True,False,True,0,0,0,https://www.youzan.com/v2/fenxiao/market/supplier/u0qvzr62,由品牌商统一发货：保证品牌，质量，售后服务并提供七天无理由退换货服务经验丰富：实力雄厚，拥有多个品牌产品，每
日用,13294gka6,亲子,14410998,3819,0,龙泉贝因美母婴用品超市,,659271110,18767863013,,463,3818,True,False,True,0,0,0,https://www.youzan.com/v2/fenxiao/market/supplier/13294gka6,诚信经营，正品保证
日用,d0divuda,日用百货,13347655,23,0,华泰亚森本色生活用纸,,370293965,candy8840,,3,23,True,False,True,0,0,0,https://www.youzan.com/v2/fenxiao/market/supplier/d0divuda,
日用,w9m4ip02,酒店旅游,16948621,30,0,轻走旅行日本最大地接服务商,,3147657576,qingzou520,,19,30,True,False,True,0,0,0,https://www.youzan.com/v2/fenxiao/market/supplier/w9m4ip02,轻走旅行：日本包车接送机日本民宿地接司导。
日用,hl2jiryf,美妆,2487508,9,0,冬日夏云植物鲜活水170617,,1211216899,13360072323,,1,6,True,False,True,0,0,0,https://www.youzan.com/v2/fenxiao/market/supplier/hl2jiryf,
日用,2i1hyl8t,休闲娱乐,1142486,0,0,大笃堂书法美术艺术用品有限公司,,425145795,dadutang,,3,0,True,False,True,0,0,0,https://www.youzan.com/v2/fenxiao/market/supplier/2i1hyl8t,
日用,1doshkhu1,其他,17920953,80,0,青岛海之洁生活用品直营店170929,,3542513664,aimmyang,,18,80,True,False,True,0,0,0,https://www.youzan.com/v2/fenxiao/market/supplier/1doshkhu1,Febreze中国区分销授权商
日用,ujvw7x9g,日用百货,16362782,822,0,汕头雄兴酒店设备用品一站式商城,,2853679779,13592897197,,107,822,True,False,True,0,0,0,https://www.youzan.com/v2/fenxiao/market/supplier/ujvw7x9g,汕头市桃园雄兴酒店设备用品有限公司是一家从事酒店配套用品经营多年的重信誉守合同的企业。
日用,MG6MAezC0f,日用百货,40285956,0,1,普达森日化,,298067736,beniwei,,0,0,True,False,False,0,0,0,https://www.youzan.com/v2/fenxiao/market/supplier/MG6MAezC0f,森林般清新空气缔造者
日用,159mgl9vm,美妆,19030,3102,0,生活家日化,,1598818387,1598818387,,19,3102,True,False,True,0,0,0,https://www.youzan.com/v2/fenxiao/market/supplier/159mgl9vm,主营化妆品
日用,1cg8haja5,箱包配饰,18059600,43,0,梨涡日本珠宝,,541997785,lvzhiwudaigou,,12,43,True,False,True,0,0,0,https://www.youzan.com/v2/fenxiao/market/supplier/1cg8haja5,我们在奢侈品领域做了10年，我们有强大的货源基础
日用,xpl7aucn,茶饮酒水,18351924,1,1,寻山日志甄选茶,,897075744,teabookkf,teabookkf,0,1,True,False,False,1,1,1,https://www.youzan.com/v2/fenxiao/market/supplier/xpl7aucn,专注甄选正山茶
日用,fgjhk3x5,运动户外,12410362,83,1,绿蚂蚁野外用品,,419631277,out360,,19,80,True,False,False,13,13,13,https://www.youzan.com/v2/fenxiao/market/supplier/fgjhk3x5,绿蚂蚁野外用品
日用,yuhujkeb,其他,16261551,48,2,上海校友老年用品,,327255860,yj13501668845,,24,48,True,False,True,49,16,32.5,https://www.youzan.com/v2/fenxiao/market/supplier/yuhujkeb,我们的目标是把世界上最好的老年用品引进和介绍给中国的老年朋友，让他们也能有机会享受和使用目前只有发达国家才有的老年用品，
日用,1g7mz606k,粮油米面,15112900,0,3,一日一鲜,,2902442047,yiriyixian007,yiriyixian007,0,0,True,False,False,0,0,0,https://www.youzan.com/v2/fenxiao/market/supplier/1g7mz606k,粮管家现向全国招募线上分销商，共同打造最具口碑的移动电商，实现共赢。
日用,12gulty6s,女装,13634731,216,3,居秀孕妇用品连锁,,42357287,13987182428,,15,214,True,False,False,4,0,1.66666666666667,https://www.youzan.com/v2/fenxiao/market/supplier/12gulty6s,昆明居秀服饰连锁官方商城
日用,rwcJehH0ar,箱包配饰,40538934,17,3,广东名将旅行用品有限公司,,2399405588,Mellell,,3,17,True,False,False,16,0,5.33333333333333,https://www.youzan.com/v2/fenxiao/market/supplier/rwcJehH0ar,旅行箱
日用,17qx842n8,丽人健身,16249878,169,4,多学多用,,1796956562,duoxueduoyong3,,38,166,True,False,False,8,2,4.25,https://www.youzan.com/v2/fenxiao/market/supplier/17qx842n8,多学多用是新媒体平台，生产的微视频可以在腾讯搜狐爱奇艺等各大视频网站看到。视频中会体现相关产品的特色以及使用方法。
日用,2dbdnhfy,运动户外,17329464,45,6,每日瑜伽装备馆,,2951416794,2951416794,,9,45,True,False,False,10,0,5,https://www.youzan.com/v2/fenxiao/market/supplier/2dbdnhfy,每日瑜伽是以瑜伽为核心的移动互联网健身和社交平台，搭载高清视频社群社交自营瑜伽品牌购物街，为用户提供全方面的瑜伽体。
日用,13dyz1iug,日用百货,783229,114,6,每日精选2018,,41363109,41363109,,10,114,True,False,False,47,2,19.1666666666667,https://www.youzan.com/v2/fenxiao/market/supplier/13dyz1iug,自有海淘渠道，质量价格双重保证，货源充足，放心分销
日用,etcoqs4b,日用百货,18767854,16,6,今日特卖频道,,41363109,41363109,,1,16,True,False,False,9,0,2.66666666666667,https://www.youzan.com/v2/fenxiao/market/supplier/etcoqs4b,自有海淘渠道，质量价格双重保证，货源充足，放心分销
日用,dnz5xrqy,生鲜果蔬,18066880,7,7,润谷日邦海产,,974729995,dmm0322,,3,7,True,False,False,3,1,1.42857142857143,https://www.youzan.com/v2/fenxiao/market/supplier/dnz5xrqy,润谷日邦为日邦公司旗下品牌之一，公司成立于二零零九年，是国内高端食材上游供应商，在世界各地拥有自己直接或间接新鲜食材供应
日用,QJ29ClC0KD,美妆,40099848,45,8,完美日记旗舰店,,272875107,aaaa,,11,45,True,False,False,18,1,7.25,https://www.youzan.com/v2/fenxiao/market/supplier/QJ29ClC0KD,欧美时尚彩妆
日用,1ew3dsjks,汽车养护,15488840,94,27,中国汽车用品大卖场,,30092639,bing20080123,,23,94,True,False,False,19,0,5.5,https://www.youzan.com/v2/fenxiao/market/supplier/1ew3dsjks,上海晶臣企业管理有限公司，美国Formula1中国总代理，美国MaganCart中国总代理，日本快美特华东地区总代理
日用,289yn5cs,休闲零食,356658,273,30,杭州日新,,123169742,wenxuer,,129,273,True,False,False,104,1,71.55,https://www.youzan.com/v2/fenxiao/market/supplier/289yn5cs,公司成立于1998年，主营冷冻冷藏调味加工食品，冷冻蔬菜，罐头食品，真空水煮食品进出口以及国内贸易
日用,i311ykam,美妆,19162332,131,30,波罗蜜日韩购,,227291728,cucu,,17,131,True,False,False,4,0,1.7,https://www.youzan.com/v2/fenxiao/market/supplier/i311ykam,波罗蜜日韩购
日用,fktgz8y4,日用百货,19259903,19,36,康果日化生鲜,,69216525,xiaoxiaohanyeyu,,4,19,True,False,False,4,0,1.45,https://www.youzan.com/v2/fenxiao/market/supplier/fktgz8y4,家居日化产品均产用德国赢创进口原液，通过欧盟REACH认证，高效环保。生鲜产品均为经严格考察的原产地产品，绿色安全可
日用,13ujl3ao6,数码家电,2231781,2153,42,爸妈营日本电器馆,,1043609485,cado888,,127,2153,True,False,False,374,0,97.05,https://www.youzan.com/v2/fenxiao/market/supplier/13ujl3ao6,日本cado；日本森田；瑞士solis；日本Toray；原森态口罩；AirX净化滤芯；台湾玻妞；等多品牌授权经销商
日用,m7r7kgoe,海外购,18218742,859,85,日本设计小店,,1043520245,zhouziyu1184,,151,859,True,False,False,93,0,8.75,https://www.youzan.com/v2/fenxiao/market/supplier/m7r7kgoe,日本设计小站，专注高品质产品
日用,15wkel5tp,宠物,18518342,356,85,专宠泰迪宠物用品商城,,1060233847,petcare1001,,310,356,True,False,False,95,3,27.95,https://www.youzan.com/v2/fenxiao/market/supplier/15wkel5tp,公司成立于2009年，始终秉承“科技传递幸福的宗旨，聚集了来自全球各地的顶尖专家，致力于向爱宠人士提供专业放心的产品。
日用,XrzYJipC4v,女装,19363761,22,87,铂雅医护用品,,2769967738,BOYA4006777512,,4,22,True,False,False,0,0,0,https://www.youzan.com/v2/fenxiao/market/supplier/XrzYJipC4v,铂雅致力于坚持落实诚信为本，质量第一，服务至上的宗旨，更贯彻了四星的中心精神：爱心用心耐心与恒心
日用,qck7pl9w,日用百货,2464045,31,93,弥勒市同城配送翘拇指生活用品配送中心,,69212323,caokaiyuan123,caokaiyuan123,7,29,True,False,False,6,0,1.35,https://www.youzan.com/v2/fenxiao/market/supplier/qck7pl9w,代理各种品牌，美妆，家居，日化，纸品母婴本地美食特产等，质量保证，服务周到让你十分满意。
日用,jFgF1Bjx0J,医疗健康,19341769,167,127,日韩健康GO,,1813839482,mxhes520,,57,167,True,False,False,14,7,8.55,https://www.youzan.com/v2/fenxiao/market/supplier/jFgF1Bjx0J,日韩健康GO与日本富士山医疗株式会社韩国韩中医疗中心签订合作。为中国提供正品海外直邮拼邮生活美妆药妆家庭美容仪等
日用,reJYoYH3vz,运动户外,40198356,6,187,激想体育用品精选馆,,496881809,13636672704,,4,6,True,False,False,1,0,0.2,https://www.youzan.com/v2/fenxiao/market/supplier/reJYoYH3vz,激想体育用品精选馆是激想体育旗下的官方购物渠道，主营国内外知名运动品牌专业体育用品，十年诚信经营，正品好货超值精选。
日用,ylenxtar,医疗健康,637433,1661,257,情趣研习社成人用品商城,,2627349979,qqyxsddj,,311,1660,True,False,False,26,1,10.5,https://www.youzan.com/v2/fenxiao/market/supplier/ylenxtar,情趣研习社：专注两性情趣产品精选，一手货源质量保证价格公道保密配送发货及时运费低廉大家请放心分销
日用,kcp4zbyv,海外购,19134755,411,281,卖空日妆,,40083285,13424802349,,90,402,True,False,False,22,0,8.6,https://www.youzan.com/v2/fenxiao/market/supplier/kcp4zbyv,专注日本货品供应，一件代发
日用,ceswxqrk,美妆,16042752,1673,291,欲水阁情趣用品商城,,3355733872,15817369009,,416,1673,True,False,False,93,11,25.7,https://www.youzan.com/v2/fenxiao/market/supplier/ceswxqrk,深圳市创灿宏业科技有限公司，专注生产情趣用品十余年，因为专注，所以专业。本公司一件代发，免费招代理。
日用,zou9orwm,汽车养护,17539755,608,491,点缤汽车DIY修复用品,,2917458482,dbbqhh,,155,534,True,False,False,29,16,20.9,https://www.youzan.com/v2/fenxiao/market/supplier/zou9orwm,点缤汽车用品快速修复，简单操作，划痕再也不用担心了
日用,j2zot9ds,日用百货,646398,64587,0,家中福日用百货商城,,405357640,405357640,,1410,64593,True,False,True,0,0,0,https://www.youzan.com/v2/fenxiao/market/supplier/j2zot9ds,
日用,180bm1y8x,美妆,635451,11374,0,深圳绵俪日用化工有限公司,,3085466608,Mannay2810,,73,11375,True,False,True,0,0,0,https://www.youzan.com/v2/fenxiao/market/supplier/180bm1y8x,
日用,rz4ei6u9,日用百货,10001300,39,0,台州日用品,,1052858877,z13616695828,,4,39,True,False,True,0,0,0,https://www.youzan.com/v2/fenxiao/market/supplier/rz4ei6u9,本厂始终本着“讲质量重信誉微利润求发展的经营理念
日用,rpg9oagc,日用百货,1379814,0,0,福州燊佰惠日用品,,234804332,18650358088,,0,0,True,False,True,0,0,0,https://www.youzan.com/v2/fenxiao/market/supplier/rpg9oagc,
日用,9172c0z2,日用百货,16325160,293,0,广州恒洁日用品有限公司,,33745232,windyzhang007,,38,293,True,False,True,0,0,0,https://www.youzan.com/v2/fenxiao/market/supplier/9172c0z2,厂家直销，出厂价销售，线下年销量千万块，行业内排名前列。
日用,qt08d8l7,日用百货,16202242,13,0,稻草熊家居用品有限公司,,100001123,13806568515,,2,13,True,False,True,0,0,0,https://www.youzan.com/v2/fenxiao/market/supplier/qt08d8l7,稻草熊正品工厂直营
日用,wp4yf3,宠物,752,305,0,艾宠宠物用品品牌专营店,,,,,17,305,True,False,True,0,0,0,https://www.youzan.com/v2/fenxiao/market/supplier/wp4yf3,
日用,k1qasuag,数码家电,4480994,56,0,爱家智能环保家居日化馆180405,,1102130066,winda9418,,10,56,True,False,True,0,0,0,https://www.youzan.com/v2/fenxiao/market/supplier/k1qasuag,
日用,2edwaejw,食品,1030915,20,0,金日旗舰店,,2923139285,tel13678,,2,20,True,False,True,0,0,0,https://www.youzan.com/v2/fenxiao/market/supplier/2edwaejw,
日用,qqw80ya8,食品,13360193,37,2,noah专用供货商测试,,,,,3,18,True,False,False,1571,36,803.5,https://www.youzan.com/v2/fenxiao/market/supplier/qqw80ya8,
日用,b6x3s5p1,日用百货,17999478,1,5,日常实验室,,403153197,18028751812,18028751812,1,1,True,False,False,0,0,0,https://www.youzan.com/v2/fenxiao/market/supplier/b6x3s5p1,精选生活好物数码科技车品周边。花卷旗下原创品牌国内外科技产品独家代理自媒体大V多重身份。
日用,u2e7h7sn,美妆,1940561,42,5,aromatime芳香假日,,2512684982,2512684982,,13,40,True,False,False,18,12,15.2,https://www.youzan.com/v2/fenxiao/market/supplier/u2e7h7sn,魔法油系列为芳香假日校长亲配，每个产品都会经过十元试用期，市场验证有效后，变半价试销，吸收更多的真实反馈，最后才是正品。
日用,98CheBPnSc,运动户外,40415041,22,43,西安杰菲特体育用品有限公司,,304899921,15319705572,,3,22,True,False,False,2,0,0.15,https://www.youzan.com/v2/fenxiao/market/supplier/98CheBPnSc,西安杰菲特体育用品有限公司是西安一家从事体育品牌代理体育器材健身器材的销售的大型公司，年营业额1个亿左右。
日用,3h45fbks,生鲜果蔬,18685308,284,48,FruitDiary鲜果日记,,1591323256,ajia3647,,82,284,True,False,False,18,2,7.55,https://www.youzan.com/v2/fenxiao/market/supplier/3h45fbks,深圳知名水果连锁公司，有直接的国内水果资源，有国外水果一手货源，务实诚信，服务第一
日用,1iopjsnvn,亲子,18052363,3047,0,TOTM小森日用美物,,851445739,JAIKMOMSara,,5225,3047,True,False,False,0,0,0,https://www.youzan.com/v2/fenxiao/market/supplier/1iopjsnvn,JAIKMOM珍宜妈咪与全球妈咪同步
日用,13ec3veqr,食品,14190338,58,0,米兰日季烘焙艺术工坊170215,,12910566,18827921711,,11,56,True,False,True,0,0,0,https://www.youzan.com/v2/fenxiao/market/supplier/13ec3veqr,米兰日季由全国技术能手亲手创办，一流的技术创造一流的品质
日用,1gkgjryh3,家装建材,1138566,764,0,杜玛家居用品厂家直销,,1399272698,13585759674,,68,764,True,False,True,0,0,0,https://www.youzan.com/v2/fenxiao/market/supplier/1gkgjryh3,
日用,STodOi9WxA,宠物,40161294,2,1,美国中西宠物用品,,5229206,midwestchina,,1,2,True,False,False,0,0,0,https://www.youzan.com/v2/fenxiao/market/supplier/STodOi9WxA,美国中西是以高品质和高性价比闻名的世界级宠物品牌，如果您追求品质，中西不会辜负您的期望。
日用,vdYb1bQRzk,生鲜果蔬,19438978,15,1,野生深海鲜半日达庞舵舵,,18667376377,18667376377,y389992,3,15,True,False,False,13,13,13,https://www.youzan.com/v2/fenxiao/market/supplier/vdYb1bQRzk,1.野生深海鲜2.来自中国第一渔村宁波桐照3.本地人经营，有供应链优势4.顺丰配送，码头直供，只卖一天
日用,CE5IeGOpVc,日用百货,40045405,3,16,XX滴美食日记,,674723670,1845095717,13761947924,1,3,True,False,False,0,0,0,https://www.youzan.com/v2/fenxiao/market/supplier/CE5IeGOpVc,用心手作，暖心分享，选用优质食材，不断研究新品，走在网红产品前沿。还有精选世界各地美味以及暖心好物供选择哦
日用,op2zn79n,家居家纺,663406,275,187,妈妈帮床上用品,,20889152,mmb13808522667,,40,271,True,False,False,4,0,0.75,https://www.youzan.com/v2/fenxiao/market/supplier/op2zn79n,布行直营
日用,bc58k4wn,家居家纺,4643,374,0,洁神居家日用店171228,,492480759,YimoSmile,,25,373,True,False,True,0,0,0,https://www.youzan.com/v2/fenxiao/market/supplier/bc58k4wn,
日用,vziyqvzr,日用百货,2181222,20,0,锐孚居家日用专营店,,759878887,pb5777,,3,20,True,False,True,0,0,0,https://www.youzan.com/v2/fenxiao/market/supplier/vziyqvzr,
日用,hzm9e3tt,家居家纺,8795493,0,0,光影流年个性家居用品,,100767615,13609551310,,1,0,True,False,True,0,0,0,https://www.youzan.com/v2/fenxiao/market/supplier/hzm9e3tt,
日用,10apnz0vm,医疗健康,16556096,140,0,海森凯尔日韩药妆正品直采,,562560110,John_W_,,33,137,True,False,True,0,0,0,https://www.youzan.com/v2/fenxiao/market/supplier/10apnz0vm,韩国原产地直邮，价格及产品质量优势
日用,1up00gu6,美妆,1771421,482,0,日本直邮专业食品化妆品批发,,529029791,loserr,,34,482,True,False,True,0,0,0,https://www.youzan.com/v2/fenxiao/market/supplier/1up00gu6,
日用,4vg738he,日用百货,1908167,3,0,西安市大明宫遗址区道和也床上用品商行,,1579876472,L18192338561,,1,3,True,False,True,0,0,0,https://www.youzan.com/v2/fenxiao/market/supplier/4vg738he,
日用,1g5qkv94s,丽人健身,5723716,156,0,丹美舞蹈用品,,1005507213,1005507213,,23,156,True,False,True,0,0,0,https://www.youzan.com/v2/fenxiao/market/supplier/1g5qkv94s,
日用,wsg34lhi,其他,14869195,6,9,摩托迷用品商城,,273452823,yutianmoto,,6,6,True,False,False,3,0,0.666666666666667,https://www.youzan.com/v2/fenxiao/market/supplier/wsg34lhi,雨田摩托用品成立10年来，致力于摩托车用品普及发展，为中国摩友提供专业安全防护用品，在行业内具备良好的口碑及完善销售体系
日用,1b9u72fy0,滋补保健,19268347,11,10,金弘烨高端食用植物油,,133467500,dpk8400,291777284,2,11,True,False,False,10,6,6.4,https://www.youzan.com/v2/fenxiao/market/supplier/1b9u72fy0,专注高端植物油，河南最大的供应商。首先提出“人体健康干扰型食用油倡导者
日用,eo2iqcph,宠物,15679541,289,156,嬉皮狗宠物用品店,,664681192,hipidogerha,hipidogerha,59,289,True,False,False,5,0,1.15,https://www.youzan.com/v2/fenxiao/market/supplier/eo2iqcph,淘系老商家，拥有十来家淘宝店铺，品类排行前十，年销售额过亿元
日用,10jhvbiek,日用百货,18951538,513,162,和匠日本进口家居,,1955258498,injoy365,,81,513,True,False,False,9,0,2.5,https://www.youzan.com/v2/fenxiao/market/supplier/10jhvbiek,至IN日本，匠心之作，从厨房工具时尚卫浴收纳好物到清洁用品一网打尽。平和匠心，专注打造精致家居生活。
日用,1etm24n5,日用百货,18799983,786,932,歌珊日本直邮,,462177895,geshanzq,,170,786,True,False,False,4,0,1.75,https://www.youzan.com/v2/fenxiao/market/supplier/1etm24n5,歌珊福州贸易有限公司公司创建于2013年，地处于福州厦门泉州之间的福清公司与多家零售商和代理商.
日用,lkicvfcb,医疗健康,17064696,397,4945,誉中奥专用肥料,,747390889,A747390889,,77,397,True,False,False,7,3,4.6,https://www.youzan.com/v2/fenxiao/market/supplier/lkicvfcb,誉中奥农业专注于植物营养研究，促进植物优质高产，满足人类健康需求快乐种植，健康人生技术支持：13837145505
日用,vt7b17a3,日用百货,14069025,311,0,莱尔娅洗护用品旗舰店170424,,2085563229,15165281428,,23,294,True,False,True,0,0,0,https://www.youzan.com/v2/fenxiao/market/supplier/vt7b17a3,香港莱尔娅集团有限公司是由瑞士莱尔娅护肤研究中心提供技术的一家集科工贸为一体的综合性日化企业。
日用,14epsa1e0,汽车养护,18957,13329,0,泰美汽车用品专营店1170207,,2337223659,maixiaomei1990629招代理：vkteam123,,349,13321,True,False,True,0,0,0,https://www.youzan.com/v2/fenxiao/market/supplier/14epsa1e0,
日用,rzi93h3e,教育培训,13219172,26,0,今日英才投资理财网校170327,,2851395200,,,7,26,True,False,True,0,0,0,https://www.youzan.com/v2/fenxiao/market/supplier/rzi93h3e,
日用,1ojva1r9,数码家电,11672681,452,0,红日厨卫电器官方旗舰店161029,,3354904481,hr18802062291,,69,452,True,False,True,0,0,0,https://www.youzan.com/v2/fenxiao/market/supplier/1ojva1r9,1981年成立，国家863计划企业，厨卫行业唯一入选战略性新兴产业重点产品和服务指导目录，国家“双十佳最佳节能技术
日用,sknhadfj,汽车养护,18291290,22,0,天知地知汽车用品,,1044483871,13764356157,,5,22,True,False,True,0,0,0,https://www.youzan.com/v2/fenxiao/market/supplier/sknhadfj,天知地知，良心汽配
日用,Xsukk22vBX,医疗健康,19458938,8,1,Bauerfeind医用弹力袜,,3423088206,venotrain,,1,7,True,False,False,8,8,8,https://www.youzan.com/v2/fenxiao/market/supplier/Xsukk22vBX,德国bauerfeind中国总代理
日用,1509ie21,美妆,18305217,7,4,日本卸妆传奇JOKARI品牌店,,524982072,18917768465,,0,7,True,False,False,2,1,1.5,https://www.youzan.com/v2/fenxiao/market/supplier/1509ie21,中国领先的美妆行业数字营销集团日本卸妆传奇JOKARI品牌大中华区总经销商全权负责JOKARI品牌营销推广与销售
日用,1anixscl0,休闲零食,469449,58,5,瑞安淘瑞安日报,,4295668,ruianliang,,11,58,True,False,False,24,4,13.6,https://www.youzan.com/v2/fenxiao/market/supplier/1anixscl0,本土电商平台，一手供货资源，媒体力量支持。
日用,14mo50c77,滋补保健,1207534,1,6,日加满,,506483419,15000582735,,0,1,True,False,False,0,0,0,https://www.youzan.com/v2/fenxiao/market/supplier/14mo50c77,日加满主营功能性饮料运动饮料等
日用,1i2fvksnm,日用百货,19093997,69,11,日新物,,694490811,pjxyza,,22,69,True,False,False,46,0,6.09090909090909,https://www.youzan.com/v2/fenxiao/market/supplier/1i2fvksnm,善于发现生活中的闪光点，为大家带来最新鲜最前端的日用商品。
日用,3gmgbmyk,综合食品,19072317,70,14,一颜一形日本好货臻选,,3045449341,15121167780,,12,60,True,False,False,125,83,95.1428571428571,https://www.youzan.com/v2/fenxiao/market/supplier/3gmgbmyk,主要销售日本的中高端商品
日用,ejo09f1j,日用百货,18749603,93,52,意大利进口洗护用品店,,405437174,405437174,,19,92,True,False,False,19,9,14.75,https://www.youzan.com/v2/fenxiao/market/supplier/ejo09f1j,意大利进口日用品保证正品利润最大
日用,1bzrvy6o,民俗文化,16281070,734,54,慧日增辉,,653018,frjianjun,,120,732,True,False,False,35,11,19.5,https://www.youzan.com/v2/fenxiao/market/supplier/1bzrvy6o,为了让更多的大众听经闻法，我们欢迎大家加入我们，和我们一块分享法喜。
日用,1dui07o29,日用百货,711942,581,61,爱优粮宠物用品,,3103811374,aylcwzj,,100,581,True,False,False,21,0,5.75,https://www.youzan.com/v2/fenxiao/market/supplier/1dui07o29,经营农科院研制的优质天然犬粮丰富的宠物零食和宠物用品，品质保证，利润丰厚，无忧售后。
日用,10ake866d,其他,19156036,250,133,伊美达汽车用品旗舰店,,717631416,13141269335,,36,250,True,False,False,20,1,6.25,https://www.youzan.com/v2/fenxiao/market/supplier/10ake866d,您好，本公司推出的产品都已经经过合格的检查，请您们放心的购物哦
日用,1bbm7zt6i,日用百货,15127558,13707,138,日本商品购物商城,,9095766,15509868028,,1849,13637,True,False,False,154,29,125.8,https://www.youzan.com/v2/fenxiao/market/supplier/1bbm7zt6i,日本进口内衣日用品家居厨房用品国内现货
手机,1eszfg0uj,医疗健康,1560337,91,0,飞机杯震动棒避孕套情趣生活170417,,760236199,sexy358358,,20,91,True,False,True,0,0,0,https://www.youzan.com/v2/fenxiao/market/supplier/1eszfg0uj,
手机,198ydlfkj,汽车养护,14416061,0,0,上海三一重机股份有限公司170428,,50116300,18721111586,,1,0,True,False,True,0,0,0,https://www.youzan.com/v2/fenxiao/market/supplier/198ydlfkj,
手机,12f3wez7q,生鲜果蔬,1055759,7,1,博士达BSD有机苹果,,921088977,18253550556,,4,7,True,False,False,5,5,5,https://www.youzan.com/v2/fenxiao/market/supplier/12f3wez7q,烟台市首家获得有机认证的苹果企业，建有5个标准化示范园，获得我到山东最想买的100的特色商品称号。
手机,te755pmc,数码家电,19328478,2,1,准儿翻译机官方商城,,13811164928,13811164928,,0,2,True,False,False,1,1,1,https://www.youzan.com/v2/fenxiao/market/supplier/te755pmc,清华大学语音实验室出品的准儿翻译机，是世界上第一款有屏的智能翻译机，独有的AI循环神经网络和卷积神经网络让准儿越用越准
手机,kkzjfd3h,汽车养护,2927128,30,22,咚机友,,无,jxzj1688,,7,30,True,False,False,0,0,0,https://www.youzan.com/v2/fenxiao/market/supplier/kkzjfd3h,机械之家配件商城对接全国1000多家供货商，拥有最便宜，最齐全的货源，保证配件价格竞争力强，原厂品质。
手机,1hbdvmw2x,数码家电,18493590,911,23,机械前线,,546072975,perice123,,134,911,True,False,False,214,0,65.65,https://www.youzan.com/v2/fenxiao/market/supplier/1hbdvmw2x,有赞超赞自媒体供货商甄选全球好物
手机,ditqc2qh,图书音像,19080748,104,25,牵手两代亲子书屋,,419740976,419740976,,26,104,True,False,False,68,0,8.95,https://www.youzan.com/v2/fenxiao/market/supplier/ditqc2qh,牵手两代亲子阅读，构建幸福和谐家庭
手机,143b2fk3w,日用百货,19089286,75,28,精物挖掘机,,490893692,woaini7609,,12,75,True,False,False,9,0,1.45,https://www.youzan.com/v2/fenxiao/market/supplier/143b2fk3w,自营商城，量大优惠
手机,188dm6ogg,箱包配饰,4303,53,83,灵机生活馆,,,,,0,0,False,False,False,2,0,0.9,https://www.youzan.com/v2/fenxiao/market/supplier/188dm6ogg,
手机,xzygkbvi,数码家电,6699949,11,0,小袁手机城171026,,,18856313000,,15,11,True,False,True,0,0,0,https://www.youzan.com/v2/fenxiao/market/supplier/xzygkbvi,
手机,172utck3e,日用百货,10529892,1403,0,手机娱乐站,,1547932001,mingtian098113,,374,1403,True,False,True,0,0,0,https://www.youzan.com/v2/fenxiao/market/supplier/172utck3e,超低供货价，超高质量产品，丰厚奖励制度
手机,mtw5y649,休闲零食,2300303,312,0,百德食品手机商城,,18031616096,baideshipin,,25,311,True,False,True,0,0,0,https://www.youzan.com/v2/fenxiao/market/supplier/mtw5y649,
手机,9bzfkj85,数码家电,20762,2,0,中国移动手机商城,,369054088,phone139weixin,,4,1,True,False,False,0,0,0,https://www.youzan.com/v2/fenxiao/market/supplier/9bzfkj85,中国移动手机商城
手机,52xfbade,食品,196447,0,0,手机攻略,,29655385,pchome551,,5,0,True,False,True,0,0,0,https://www.youzan.com/v2/fenxiao/market/supplier/52xfbade,
手机,w7o10q9t,数码家电,18419668,9,2,极客修手机上门维修,,6740865,18725766322,,6,9,True,False,False,3,3,3,https://www.youzan.com/v2/fenxiao/market/supplier/w7o10q9t,极客修维修产品线包括苹果iPhoneiPad小米手机三星手机华为手机魅族手机，并正在积极准备其他产品的上线。
手机,56n6oh2y,综合食品,18831982,2,1,天天机蜜,,731611996,731611996,,1,2,True,False,False,0,0,0,https://www.youzan.com/v2/fenxiao/market/supplier/56n6oh2y,专注欧美有机标准食品，让您不再担心农残重金属抗生素品牌：天天机蜜有机蜂蜜优食达有机粮油素纯鲜品鲜果
手机,sdjjou0q,生鲜果蔬,526673,13,1,土姥姥有机农场,,314802994,15627009797,,5,13,True,False,False,3,3,3,https://www.youzan.com/v2/fenxiao/market/supplier/sdjjou0q,土姥姥有机农场，为你提供新疆天然食品
手机,15ree6iel,医疗健康,19257789,6,1,匠人时光机,,573592252,lx930525,,1,6,True,False,False,2,2,2,https://www.youzan.com/v2/fenxiao/market/supplier/15ree6iel,纯手工制作，用料充足，产品消化速度快，回头客超多
手机,1gdurdoxj,粮油米面,658317,12,1,生机盎然的粮铺,,123654809,linyuko,,6,12,True,False,False,14,14,14,https://www.youzan.com/v2/fenxiao/market/supplier/1gdurdoxj,生机盎然在吉林大安承包765亩土地种植碱地米，土壤中没有任何农药化肥除草剂留，生机盎然的目标是努力为大家种出放心粮。
手机,byd0k2cm,医疗健康,4743591,23,0,妙医圣手官方旗舰店,,648194502,myss6666,,5,23,True,False,True,0,0,0,https://www.youzan.com/v2/fenxiao/market/supplier/byd0k2cm,自主生产销售
手机,154quu8mu,粮油米面,19326126,8,2,谷禾田五常有机稻花香,,759395510,guhetian666,,1,8,True,False,False,7,1,4,https://www.youzan.com/v2/fenxiao/market/supplier/154quu8mu,上海颦睿商贸有限公司，致力于为广大消费者寻找优质原产地的农产品。在寻找好食材的过程中，我们始终秉持初心。
手机,ircdq04b,生鲜果蔬,19304412,9,3,小林手,,173669917,173669917,,3,9,True,False,False,5,0,3,https://www.youzan.com/v2/fenxiao/market/supplier/ircdq04b,澳洲进口安格斯牛肉的深加工产品，市面唯一该门类供货商
手机,11wf2azhe,日用百货,19161665,4,3,永春佛手,,77902805,pan_wenhui,,1,4,True,False,False,2,0,0.666666666666667,https://www.youzan.com/v2/fenxiao/market/supplier/11wf2azhe,永春佛手，中国禅茶，文化茶品，健康养生
手机,ulu0gic1,亲子,16444317,157,3,小卡机器人官方微商城,,3170248459,csxiaoka,csxiaoka,29,156,True,False,False,14,1,8.33333333333333,https://www.youzan.com/v2/fenxiao/market/supplier/ulu0gic1,小卡机器人分销招募等你来一件代发，无需囤货，零售后。
手机,19d2bdl2r,日用百货,624334,311,4,进界有机生活,,3456229146,3456229146,,37,309,True,False,False,51,4,22.25,https://www.youzan.com/v2/fenxiao/market/supplier/19d2bdl2r,主营澳新地区有机天然健康品，涵盖美容个护和健康食品品类。中国区独家总经销，高利润，免费提供原创爆款文案和促销支持。
手机,ljx77thk,汽车养护,16444768,37,5,宜悦壳牌工程机械油安徽,,99812229,13855124013,,3,37,True,False,False,18,10,13.8,https://www.youzan.com/v2/fenxiao/market/supplier/ljx77thk,安徽宜悦工程机械零部件有限公司以下简称安徽宜悦成立于2014年3月，主营工程机械零部件及润滑油销售业务。
手机,ijxai0c1,生鲜果蔬,154468,207,7,钟橙有机庄园,,2966928779,17707970222,,117,207,True,False,False,114,5,53.1428571428571,https://www.youzan.com/v2/fenxiao/market/supplier/ijxai0c1,钟橙农业
手机,14cilso3q,综合食品,57735,14,7,鲜有机鲜有啖,,447633484,taochen_0918,,6,14,True,False,False,4,0,1.75,https://www.youzan.com/v2/fenxiao/market/supplier/14cilso3q,旭京商贸目前经营的产品有：佰思蜜蜜纽康蜂蜜系列，婓思花草茶系列，justpop爆米花，易极优自制酸奶，美乐家咖啡机等
手机,gw74ll54,美妆,120182,42,7,亚缇有机生活馆,,493149886,UT16888,,9,42,True,False,False,16,1,8.28571428571429,https://www.youzan.com/v2/fenxiao/market/supplier/gw74ll54,亚缇有机生活馆，提供最安全的最高端的产品给你。
手机,0ZrwvJOJdt,茶饮酒水,40076523,0,7,大越山龙有机龙井茶铺,,1020423186,cwd176,,0,0,True,False,False,0,0,0,https://www.youzan.com/v2/fenxiao/market/supplier/0ZrwvJOJdt,一家专注于有机龙井茶14年的公司，只做纯真的有机龙井
手机,12jrzglk8,生鲜果蔬,19327536,35,12,佳多膳有机食品商城,,15936693280,15936693280,,13,35,True,False,False,28,0,6.83333333333333,https://www.youzan.com/v2/fenxiao/market/supplier/12jrzglk8,有机蔬菜
手机,1859idj3c,民俗文化,998928,146,13,手艺门造物馆,,3468923503,soyimans,,21,146,True,False,False,24,4,8.38461538461539,https://www.youzan.com/v2/fenxiao/market/supplier/1859idj3c,手艺门
手机,134h749y3,休闲零食,12290293,218,13,小草坝有机乌天麻旗舰店,,657857308,mabaobao6666,,37,218,True,False,False,152,15,116.846153846154,https://www.youzan.com/v2/fenxiao/market/supplier/134h749y3,“集品麻是全国唯一一家获得天麻“有机产品认证和“中国地理标志保护产品的天麻品牌
手机,78fhmnkk,生鲜果蔬,10636812,745,15,天海龙有机,,233187852,pgb13886983642,,629,745,True,False,False,624,0,249.933333333333,https://www.youzan.com/v2/fenxiao/market/supplier/78fhmnkk,天海龙有机专营有机农产品种植与销售，自有有机种植面积8000余亩农场，为顾客提供安全放心的有机农产品
手机,1hk3y4cyb,食品,16881,35,18,尚作有机,,595889569,alictang,,6,35,True,False,False,7,1,3.11111111111111,https://www.youzan.com/v2/fenxiao/market/supplier/1hk3y4cyb,我们种植符合自然农法的有机蔬菜，养殖天然生长的优质畜禽，坚守业内最严格的质量标准，成为城市中高端消费的餐桌管家。
手机,2bqg8lvm,亲子,926997,16,31,大同贝因美连锁机构,,282512917,MISSSOOR,,0,16,True,False,False,2,0,0.35,https://www.youzan.com/v2/fenxiao/market/supplier/2bqg8lvm,有批量拿货客户可通过电话联系
手机,7rbtf10v,亲子,19105453,6,32,爱婴斯坦亲子助手,,3210556928,aingstan,,0,6,True,False,False,1,1,1,https://www.youzan.com/v2/fenxiao/market/supplier/7rbtf10v,爱婴斯坦是针对03岁宝宝的新型家庭式早教APP，共有2000个课程，9种类别，每天5分钟，让宝宝智力和身体获得全面发展
手机,15eq9orkl,亲子,4752,1088,33,阿卡手工,,1523597192,realwaterworld,realwaterworld,164,1084,True,False,False,109,0,18.4,https://www.youzan.com/v2/fenxiao/market/supplier/15eq9orkl,阿卡手工是手工DIY品牌，我们为热爱生活的用户创造缤纷多彩的手工世界，享受慢生活，享受小美好。
手机,5mt5no0k,美妆,17739163,23,35,唯熙家手工坊,,55658,1690918877,,12,23,True,False,False,4,0,0.9,https://www.youzan.com/v2/fenxiao/market/supplier/5mt5no0k,唯熙家手工坊，合法注册商标，属正规注册公司。提供高优品质原料，遵循无添加无香精色素酒精等天然护肤品。
手机,umn30v5h,茶饮酒水,10024306,42,37,五溪山有机茶,,33291313,13916067639,,5,42,True,False,False,2,0,0.7,https://www.youzan.com/v2/fenxiao/market/supplier/umn30v5h,黄山原产地茶，15年有机种植。有黄山毛峰祁门红茶和太平猴魁。还原了生态种植，所以茶汤更好喝，更甘甜。每罐贴有机防伪标。
手机,cx6gsetj,男装,61256,385,100,cotton手作小时光,,525056789,dddddddd,,38,302,True,False,False,12,0,1.8,https://www.youzan.com/v2/fenxiao/market/supplier/cx6gsetj,1231
手机,zguscmtr,媒体服务,19106068,576,101,剁手好物,,3140848748,zhexiejiuhao,,81,575,True,False,False,81,1,11.5,https://www.youzan.com/v2/fenxiao/market/supplier/zguscmtr,剁手好物商城供应商
手机,slv4a2qj,蛋糕烘焙,953630,651,126,我是糕手,,2948871840,wx2948871840,,51,645,True,False,False,1,0,0.2,https://www.youzan.com/v2/fenxiao/market/supplier/slv4a2qj,我是糕手好玩的定制蛋糕
手机,ce6ri2bk,数码家电,2565499,1986,148,天机购,,404743899,gytf168,,313,1986,True,False,False,12,0,1.6,https://www.youzan.com/v2/fenxiao/market/supplier/ce6ri2bk,天机购属于全球领先智能硬件平台，所有产品均由天机网测试通过才可上架，产品种类多，新，迭代升级快。完善的销售指导和售后服务
手机,1f7lg6ljv,数码家电,13800458,15,0,扬彬手机店,,,,,16,15,True,False,True,0,0,0,https://www.youzan.com/v2/fenxiao/market/supplier/1f7lg6ljv,
手机,54d278y4,数码家电,690683,0,0,泽丰手机连锁,,2959162686,zf100068,,6,0,True,False,True,0,0,0,https://www.youzan.com/v2/fenxiao/market/supplier/54d278y4,
手机,1b6as8bmx,数码家电,13672440,49,0,8848钛金手机170215,,52197412,13384993110,,17,49,True,False,True,0,0,0,https://www.youzan.com/v2/fenxiao/market/supplier/1b6as8bmx,8848钛金手机陕西总部
手机,1e7xdeovz,数码家电,409307,10909,0,掌中淘手机连锁,,3040391135,zztkf01,,1208,10893,True,False,True,0,0,0,https://www.youzan.com/v2/fenxiao/market/supplier/1e7xdeovz,目前公司已有自营通讯数码卖场近40家渠道商家100多家。公司是重庆永辉超市沃尔玛海尔集团等企业的长期战略合作伙伴
手机,t9m1sw03,其他,13273692,0,0,手机流量包180405,,240419888,feixiang4321234,,8,0,True,False,True,0,0,0,https://www.youzan.com/v2/fenxiao/market/supplier/t9m1sw03,
手机,5j2elzot,其他,11794896,13,0,手机流量加油站,,1132167481,手机流量加油站,,7,7,True,False,True,0,0,0,https://www.youzan.com/v2/fenxiao/market/supplier/5j2elzot,北京联通合作代理商
手机,16xhmyb6f,数码家电,2337404,0,0,兴化移动手机商城,,,,,2,0,True,False,True,0,0,0,https://www.youzan.com/v2/fenxiao/market/supplier/16xhmyb6f,
手机,24l8cam5,生鲜果蔬,12148655,0,0,每日美鲜手机商城,,2369081373,15921728501,,3,0,True,False,False,0,0,0,https://www.youzan.com/v2/fenxiao/market/supplier/24l8cam5,人品货源品质硬气
手机,o0ojultt,医疗健康,909191,7,0,妙林仪器手机商城,,1171307075,18603839099,,5,5,True,False,True,0,0,0,https://www.youzan.com/v2/fenxiao/market/supplier/o0ojultt,
手机,7fp7y1iy,数码家电,707013,192,0,希福手机纳米膜防水180404,,,,,5,192,True,False,True,0,0,0,https://www.youzan.com/v2/fenxiao/market/supplier/7fp7y1iy,
手机,2i556ohr,数码家电,2857634,404,0,阿飞智能手机网170522,,70494997,70494997,,12,404,True,False,True,0,0,0,https://www.youzan.com/v2/fenxiao/market/supplier/2i556ohr,
手机,10uun0wqf,美妆,7670996,24,4,ROSAFIVE萝萨芙手机官网,,2644098087,2644098087,,5,24,True,False,False,4,0,1.75,https://www.youzan.com/v2/fenxiao/market/supplier/10uun0wqf,我们苏州花之源生物科技有限公司自行种植采摘提炼生产玫瑰纯露精油，并以此为基础研发的，具有独特护肤理念的产品。
手机,litmqj2p,数码家电,14511666,68,7,郑州联通手机营业厅,,307257269,wxid_784325405，liby90,,18,68,True,False,False,30,2,9.85714285714286,https://www.youzan.com/v2/fenxiao/market/supplier/litmqj2p,郑州联通官方微商城，官方品质安全可靠，一手货源，让利多多
手机,13u4jll92,海外购,18580526,5,18,Dewaren手机商城,,1994853103,dewarenk,,2,5,True,False,False,2,0,0.277777777777778,https://www.youzan.com/v2/fenxiao/market/supplier/13u4jll92,Dewaren是一家来自德国的大型综合电商，sku涵盖德国所有知名品牌及商品，所有商品均从德国直邮发货.
手机,7SJxNoLBUP,数码家电,40044654,25,33,嘿手机,,2023678293,waynoble1314,ke8472,6,25,True,False,False,0,0,0,https://www.youzan.com/v2/fenxiao/market/supplier/7SJxNoLBUP,"自有工厂一手货源,保证全网最低价,欢迎线上及线下渠道商合作"
手机,llzb5k1p,休闲零食,47999,381900,37,良品铺子手机商城,,无,lppzfxg,lppzfxg,46178,338172,True,True,False,865,33,208.85,https://www.youzan.com/v2/fenxiao/market/supplier/llzb5k1p,全国休闲零食O2O领导品牌。2015年全渠道销售突破46亿元。
手机,PXlA3LYtb6,数码家电,19476360,18,29,美商收银机,,3472943100,051266651873,,3,18,True,False,False,6,1,3.65,https://www.youzan.com/v2/fenxiao/market/supplier/PXlA3LYtb6,苏州顶尖电子有限公司
手机,na3d89an,休闲零食,16074299,1074,65,天佑牧人手工坊,,3344327442,14794811457,,131,1005,True,False,False,11,7,8.6,https://www.youzan.com/v2/fenxiao/market/supplier/na3d89an,天佑牧人是一家专注做内蒙古传统食品，呼和浩特各大超市收银出口都有连锁分店，保质保量
手机,9y6aihve,综合食品,55296,1908,81,爱自然有机生活馆,,790935437,13920639851,,168,1908,True,False,False,1,0,0.05,https://www.youzan.com/v2/fenxiao/market/supplier/9y6aihve,专业提供国内外有机天然食品，零库存一件代发品质保证，详询13920639851.
手机,1371fsoj6,数码家电,4421249,186,0,我要爱手机,,13058287878,ZNT_CDL,,13,186,True,False,True,0,0,0,https://www.youzan.com/v2/fenxiao/market/supplier/1371fsoj6,专业二手手机批发供应商
手机,6intr82a,数码家电,6035601,0,0,手机E保卡,,309778800,18178338881,,3,0,True,False,True,0,0,0,https://www.youzan.com/v2/fenxiao/market/supplier/6intr82a,
手机,q4jm7mov,数码家电,16316441,106,0,雷霆手机连锁商城,,2544594817,yy1102080927,,13,105,True,False,True,0,0,0,https://www.youzan.com/v2/fenxiao/market/supplier/q4jm7mov,有赞热门供货商，品牌直供，品质保证，七天无理由退还货。
手机,u6n60w8m,食品,1798061,0,0,盐津铺子手机商城,,41070094,ganlei12,,11,0,True,False,True,0,0,0,https://www.youzan.com/v2/fenxiao/market/supplier/u6n60w8m,
手机,y485inos,数码家电,14066427,0,0,谷斯特真皮手机套,,,,,1,0,True,False,True,0,0,0,https://www.youzan.com/v2/fenxiao/market/supplier/y485inos,
手机,iWTfEto3II,数码家电,19475858,3,2,手机资讯文化平台,,1227906522,15017766368,,1,3,True,False,False,3,1,2,https://www.youzan.com/v2/fenxiao/market/supplier/iWTfEto3II,提供专业的技术服务高品质的3C用品
手机,ajk9dghl,亲子,5794067,3555,0,格物斯坦教育机器人官方旗舰店,,249175401,gstem_robot,,66,3555,True,False,True,0,0,0,https://www.youzan.com/v2/fenxiao/market/supplier/ajk9dghl,
手机,ecwkjdx9,亲子,14891699,2,0,天津十二月儿童摄影机构161217,,61076144,luna61076144,,0,2,True,False,True,0,0,0,https://www.youzan.com/v2/fenxiao/market/supplier/ecwkjdx9,天津十二月专业儿童摄影机构
手机,ytaiklkj,其他,9680182,16,2,富深儿童手工胶企业店铺,,1501364131,13450051575,,4,16,True,False,False,12,11,11.5,https://www.youzan.com/v2/fenxiao/market/supplier/ytaiklkj,售后客服：13450051575
手机,1g8o9v7lj,日用百货,19076129,31,5,印目时光机,,2115569564,bowl_,,1,31,True,False,False,17,2,8.8,https://www.youzan.com/v2/fenxiao/market/supplier/1g8o9v7lj,回忆不沉默
手机,qbwq7zb6,数码家电,19100224,118,5,FIIL耳机微商城,,378858457,fiil耳机,,21,112,True,False,False,75,11,42.4,https://www.youzan.com/v2/fenxiao/market/supplier/qbwq7zb6,fiil耳机官方授权，正品保障，售后无忧
手机,oz1rsfd4,媒体服务,249412,104,7,小票365无线订单打印机,,3052785576,mungkin,,14,104,True,False,False,57,1,17.1428571428571,https://www.youzan.com/v2/fenxiao/market/supplier/oz1rsfd4,365稳定高效的小票机
手机,ez5E8tzBEU,家居家纺,19432798,11,8,买手智购,,149032054,18661902417,18661902417,3,11,True,False,False,4,0,1.625,https://www.youzan.com/v2/fenxiao/market/supplier/ez5E8tzBEU,专业买手采购的一手货源，性价比超高，只选85分以上的商品
手机,1ewhgf7ui,食品,4312325,32,0,伊品荟手机商城180405,,1918619586,shangaoqi,,7,32,True,False,True,0,0,0,https://www.youzan.com/v2/fenxiao/market/supplier/1ewhgf7ui,
手机,5wz0hr9j,数码家电,444746,0,0,SUGAR糖果手机官方旗舰店,,309559205,anlan901225,,0,0,True,False,False,0,0,0,https://www.youzan.com/v2/fenxiao/market/supplier/5wz0hr9j,品牌坐标：深圳糖果手机，手机界的科技潮品。首席潮流官黄子韬代言，广告曝光覆盖各大电视媒体及机场地铁。
手机,1bn446jdz,食品,541047,93,0,合福稻绿色有机食品官方旗舰店,,117090038,117090038,,2,93,True,False,True,0,0,0,https://www.youzan.com/v2/fenxiao/market/supplier/1bn446jdz,
手机,12ye98lgy,生鲜果蔬,1012625,2,1,姥爷的农场放心，有机，好吃,,139578228,13701042103,,4,2,True,False,False,2,2,2,https://www.youzan.com/v2/fenxiao/market/supplier/12ye98lgy,有机农产品种植专家，供应铁棍山药草莓等优质产品。豆果春播合作伙伴
手机,tZ5dI8vFaI,生鲜果蔬,19350530,3,2,寻找有机,,991156039,18004711244,18004711244,2,3,True,False,False,1,0,0.5,https://www.youzan.com/v2/fenxiao/market/supplier/tZ5dI8vFaI,寻找有机；为国人寻找最有机的农产品
手机,1d5t94zbm,食品,678364,329,4,1036手游交易平台,,1419127999,yezongquan8,,32,328,True,False,False,10,1,4.5,https://www.youzan.com/v2/fenxiao/market/supplier/1d5t94zbm,1036最值得信任的手游房卡钻石交易平台
手机,iyk1yl7WDa,综合食品,19346072,4,5,醉不释手,,2108464256,albertfigo,albertfigo,1,4,True,False,False,3,0,1,https://www.youzan.com/v2/fenxiao/market/supplier/iyk1yl7WDa,醉不释手是一款年份手工黄酒的品牌，更是黄酒复兴的支持者，不断探索挖掘精酿年份手工原酒市场
手机,bzrnrq4m,美妆,14468891,7,5,Appelles澳洲有机护肤,,10171634,shliuxiaoying,,8,7,True,False,False,2,1,1.4,https://www.youzan.com/v2/fenxiao/market/supplier/bzrnrq4m,澳洲有机护肤品牌
手机,1g13qwuil,综合食品,18422751,7,8,觅有机,,76671978,colette,,3,7,True,False,False,3,1,1.75,https://www.youzan.com/v2/fenxiao/market/supplier/1g13qwuil,觅有机专注于发掘来自澳洲的有机产品。为客户带来100全天然无添加产品。全部产品均有澳洲权威有机认证标识。官方渠道。
手机,ksdz73e,生鲜果蔬,14838133,148,9,禾湾有机生活,,363991809,15522215444,,30,148,True,False,False,41,0,10.3333333333333,https://www.youzan.com/v2/fenxiao/market/supplier/ksdz73e,一家有机农场，竭尽全力，只为一餐来的安全。
手机,vp0AzdFI4H,数码家电,19424404,33,11,云机商城,,228303607,youtry2008,youtry2008,5,33,True,False,False,20,12,16.5454545454545,https://www.youzan.com/v2/fenxiao/market/supplier/vp0AzdFI4H,基于广域网的桌面云技术运营商
手机,9mn7dugu,休闲零食,2209875,70024,43,甜瓜家有机旗舰店,,493220092,jiafangvip7,,9922,69307,True,False,False,6989,0,793.05,https://www.youzan.com/v2/fenxiao/market/supplier/9mn7dugu,甜瓜家让有机不再奢侈甜瓜家成立于2012年，是一家专注有机产品的垂直电商。
手机,c3wrgops,汽车养护,7911287,18,56,三喜农机股份,,2679663468,sanxijs,,6,18,True,False,False,4,0,0.4,https://www.youzan.com/v2/fenxiao/market/supplier/c3wrgops,三喜农机专业的粮食烘干机生产制作服务商。
手机,1897lhyzu,数码家电,608634,0,0,海景手机城,,,,,5,0,True,False,True,0,0,0,https://www.youzan.com/v2/fenxiao/market/supplier/1897lhyzu,
海鲜,lv95ekcm,综合食品,18724520,27,5,鲜生友请,,1146907303,15397029582,,7,27,True,False,False,4,2,3,https://www.youzan.com/v2/fenxiao/market/supplier/lv95ekcm,鲜生友请，来鲜的
海鲜,bog06pwe,食品,17040173,536,8,汤鲜森,,485512459,hbswty88,,81,440,True,False,False,104,4,36.5,https://www.youzan.com/v2/fenxiao/market/supplier/bog06pwe,想要享受更低拿货价请与微信：hbswty88联系
海鲜,1d89hvs3n,生鲜果蔬,19248862,35,8,绿力鲜果,,33982203,joker_lyk,,7,35,True,False,False,25,8,13.5,https://www.youzan.com/v2/fenxiao/market/supplier/1d89hvs3n,“新奇佳的品牌含义是新鲜优质的猕猴桃，也是我们的一直努力的目标。我们确信只有出众的品质，方才能让广大消费者接受。
海鲜,f0692sev,医疗健康,18497999,7,8,纳海高科,,3378308046,Shoes24KK,,4,7,True,False,False,5,1,2.75,https://www.youzan.com/v2/fenxiao/market/supplier/f0692sev,基因检测
海鲜,Z0woes99f1,综合食品,40575844,28,11,海南有味,,274599919,13691655249,18089860255,5,28,True,False,False,23,0,3.27272727272727,https://www.youzan.com/v2/fenxiao/market/supplier/Z0woes99f1,自有产地，产地直邮
海鲜,hgcg61yt,休闲零食,14825076,33,13,辣味鲜,,402704036,A13549360547,,5,33,True,False,False,11,3,5.46153846153846,https://www.youzan.com/v2/fenxiao/market/supplier/hgcg61yt,分销咨询：1341591976QQ：402704036微信：A13549360547
海鲜,1f9j11df8,滋补保健,96612,16,20,海味新抱,,87877824,haiweixinbao007,maggiemai1982,1,16,True,False,False,4,1,2.4,https://www.youzan.com/v2/fenxiao/market/supplier/1f9j11df8,经过3年时间的沉淀及市场的检验，让我们有了一定的口碑，也得到了像黄小厨这样的优质的推广合作平台。健康是未来不可或缺的趋势
海鲜,Q2lw1GPSJp,其他,40375729,9,20,沛瑞生鲜,,53100509,18710150733,18710150733,4,9,True,False,False,7,0,1.55,https://www.youzan.com/v2/fenxiao/market/supplier/Q2lw1GPSJp,新洋丰沛瑞生鲜专注于供应链打造和品牌营销的建设，拥有全国多个自有基地及海外自有基地，全方位为客户及分销商做好服务。
海鲜,jas1pu88,美妆,19189240,162,24,一间海淘,,983117366,buss847,,19,162,True,False,False,5,0,0.6,https://www.youzan.com/v2/fenxiao/market/supplier/jas1pu88,一间海淘，全球尖货一键下单，立享海外批发价比价格来一间海淘，比产品来一间海淘，足不出户1站式海外购还来一间海淘
海鲜,833m65i9,生鲜果蔬,18865979,131,39,鲜珥食材店,,476279225,18695703609,,36,131,True,False,False,35,2,7.2,https://www.youzan.com/v2/fenxiao/market/supplier/833m65i9,鲜珥家产品基地直发货，品质保证，价格优势。专业的供货团队，给你最好的体验。
海鲜,6m9rle7u,生鲜果蔬,19106295,36,41,优鲜严选,,982637325,lq6290125,,7,36,True,False,False,1,0,0.1,https://www.youzan.com/v2/fenxiao/market/supplier/6m9rle7u,优鲜严选
海鲜,5j9xbbdh,美妆,19060181,24,50,优尚海淘,,645377290,yjj123598,yjj123598,8,24,True,False,False,1,0,0.1,https://www.youzan.com/v2/fenxiao/market/supplier/5j9xbbdh,全国包邮支持7无条件退换货
海鲜,p0jwj2c8,数码家电,18424313,273,52,海淘爆款,,1025496706,18610307249,18610307249,35,273,True,False,False,22,0,3.7,https://www.youzan.com/v2/fenxiao/market/supplier/p0jwj2c8,100认证口碑好物，最火海外爆品高转化率原创文案，高于业界水平
海鲜,13nug8m74,生鲜果蔬,1914058,120,1,海上鲜,,961676757,961676757,,32,87,True,False,False,7,7,7,https://www.youzan.com/v2/fenxiao/market/supplier/13nug8m74,渔船直供
海鲜,exouYRJ4Jh,生鲜果蔬,19315504,12,6,朝益鲜进口水果野生海参,,1137263779,15040089991,,3,12,True,False,False,2,1,1.83333333333333,https://www.youzan.com/v2/fenxiao/market/supplier/exouYRJ4Jh,朝益鲜进口水果野生海参
海鲜,15myduw7l,食品,4839092,4,0,原典海鲜旗舰店,,15730319,yuandiankefu,,3,4,True,False,True,0,0,0,https://www.youzan.com/v2/fenxiao/market/supplier/15myduw7l,
海鲜,186i49q4y,茶饮酒水,1746098,89441,0,碗里有鱼海鲜,,13632501,18611108101,,94,89412,True,False,True,0,0,0,https://www.youzan.com/v2/fenxiao/market/supplier/186i49q4y,就近取材，成本低，利润高，质量有保障
海鲜,12yo4qdlx,食品,11484973,17,0,添新添美海鲜生活馆,,,,,5,17,True,False,True,0,0,0,https://www.youzan.com/v2/fenxiao/market/supplier/12yo4qdlx,
海鲜,xslrgxuo,生鲜果蔬,4489555,870,5,最渔海味,,11975353,tumi0403,,85,850,True,False,False,5,1,2.8,https://www.youzan.com/v2/fenxiao/market/supplier/xslrgxuo,最渔拥有作业渔船20艘，低温冷库面积近2500平方米，是一家产供销养捕加为一体的海产加工企业。
海鲜,17ozv9hsf,综合食品,436678,9658,5,简妹鲜制辣椒,,331247439,18933255277,,100,9576,True,False,False,367,17,154,https://www.youzan.com/v2/fenxiao/market/supplier/17ozv9hsf,我不是干妈，我是简妹，鲜制辣椒，温润不上火
海鲜,kz30lqtz,综合食品,16939416,227,6,鲜品王,,3520221295,ytx18078164462,,45,227,True,False,False,45,19,32.5,https://www.youzan.com/v2/fenxiao/market/supplier/kz30lqtz,一个有家乡味的鲜品社群
海鲜,DbiO4ZFPDI,其他,40528645,12,6,海岛壹號,,1062675349,1062675349,1062675349,0,12,True,False,False,4,0,2,https://www.youzan.com/v2/fenxiao/market/supplier/DbiO4ZFPDI,我是海岛壹諕，来自美丽的海南岛，我立志将我们海岛特有的生鲜产品递送到你们的面前，让远方的客人亦能感受到我们海岛的热情和海
海鲜,9w7grhub,数码家电,16203004,78,6,海尔无线,,9249157,heavendo,,14,78,True,False,False,20,5,10.8333333333333,https://www.youzan.com/v2/fenxiao/market/supplier/9w7grhub,海尔旗下，品质服务有保障
海鲜,v2uxxegx,美妆,1083431,2,8,优米海淘,,147601737,shiruchun,,0,2,True,False,False,1,0,0.125,https://www.youzan.com/v2/fenxiao/market/supplier/v2uxxegx,美鞋，美妆尽在优米海淘全部境外直邮，包邮包税。国际物流轨迹清晰，假一赔十。
海鲜,8in94466,综合食品,18689276,103,9,LeeUncle鲜食,,569409641,18971951327,,13,103,True,False,False,14,0,3.66666666666667,https://www.youzan.com/v2/fenxiao/market/supplier/8in94466,LeeUncle轻奢鲜食，坚持“新鲜绿色无防腐剂的生产原则
海鲜,1f4pphz2k,生鲜果蔬,138949,179,10,和鲜汇,,362154050,15923044004,,63,179,True,False,False,33,4,18.8,https://www.youzan.com/v2/fenxiao/market/supplier/1f4pphz2k,和鲜汇
海鲜,11x4lbjc3,美妆,17335742,22,10,花海仓,,295888745,13527851033,,8,22,True,False,False,2,0,1.1,https://www.youzan.com/v2/fenxiao/market/supplier/11x4lbjc3,正品美妆，意想不到的好货，意想不到的低价。
海鲜,q7odcwve,酒店旅游,14228303,586,10,南澳海岸网,,364924429,haiankf666,,68,576,True,False,False,37,18,24.6,https://www.youzan.com/v2/fenxiao/market/supplier/q7odcwve,海岸商城，为你百里挑一，不出岛的购物体验，为进岛游客年代特色小站，汇聚最具实效的南澳特色。
海鲜,qcp1ksB5yi,生鲜果蔬,19433503,17,14,大美鲜疆,,164200832,13209061577,,6,17,True,False,False,7,0,2.21428571428571,https://www.youzan.com/v2/fenxiao/market/supplier/qcp1ksB5yi,自有品牌，新疆优品。
海鲜,PvEU9jfkkH,海外购,40429258,8,15,海奇趣,,3403536364,BKQF0005,BKQF0005,7,8,True,False,False,3,0,0.933333333333333,https://www.youzan.com/v2/fenxiao/market/supplier/PvEU9jfkkH,公司于2011年在广州成立，在跨境电商贸易行业已有7年的积累。获得多个澳洲知名品牌的正规经营授权，诚邀广大客户加盟合作。
海鲜,snq9tuaw,休闲零食,2770941,106,16,鲜8食品,,356583427,jiujiezhuli,,38,106,True,False,False,39,1,15.0625,https://www.youzan.com/v2/fenxiao/market/supplier/snq9tuaw,本公司由一位前国企高管北大MBA孩子妈妈倾心创立，我们的原则是给自己家人吃的产品才敢和朋友们分享。
海鲜,53uyt92a,生鲜果蔬,544784,24232,18,EMS极速鲜,,群387775765,JISUXIAN183,,1237,24216,True,False,False,605,12,229.277777777778,https://www.youzan.com/v2/fenxiao/market/supplier/53uyt92a,EMS旗下微信商城，保证商品质量，快速安全
海鲜,3wiyxj21,食品,16773657,9,20,嗨鲜岛,,1225218884,15263031509,,1,9,True,False,False,1,0,0.15,https://www.youzan.com/v2/fenxiao/market/supplier/3wiyxj21,嗨鲜岛主营各种干制海产品和各种海鲜，国产的，国外的都有，质量第一，价格美丽。
海鲜,v93ufmxn,生鲜果蔬,16242958,4,26,就哥深鲜,,353154344,18877976811,,2,3,True,False,False,1,1,1,https://www.youzan.com/v2/fenxiao/market/supplier/v93ufmxn,集团公司，广西农业龙头企业，实力船冻海鲜
海鲜,NOcyLP5Unr,生鲜果蔬,19436403,32,28,贝鲜生,,2802413034,18263176978,,7,32,True,False,False,3,0,0.25,https://www.youzan.com/v2/fenxiao/market/supplier/NOcyLP5Unr,贝鲜生，来自北纬37，那里有辽阔的黄金海域，国家AAAA级优质海域，这里的海鲜品质优越，值得信赖。
海鲜,RXmcIfa38G,美妆,40498162,3,31,多买海购,,335444955,13599507530,13811833040,1,3,True,False,False,2,0,0.1,https://www.youzan.com/v2/fenxiao/market/supplier/RXmcIfa38G,主营欧美日韩产品，美妆一条龙服务，一般贸易产品韩国免税店产品，只售正品，均带正规资质。
海鲜,11v1wzc0y,生鲜果蔬,14105700,102845,31,口袋鲜生,,52704,feichibuke991,,34696,95781,True,False,False,32029,61,7830.95,https://www.youzan.com/v2/fenxiao/market/supplier/11v1wzc0y,口袋妈咪，为您提供最好的
海鲜,9ZD3w7KR18,生鲜果蔬,40341522,12,31,俏鲜生商城,,361140256,cookmenu,davidsun1980,1,12,True,False,False,3,0,0.15,https://www.youzan.com/v2/fenxiao/market/supplier/9ZD3w7KR18,俏鲜生生鲜食品供应商，你值得信赖
海鲜,1atouck54,生鲜果蔬,19138934,75,42,猎鲜生,,57753332,cswcool,,12,75,True,False,False,11,5,7.6,https://www.youzan.com/v2/fenxiao/market/supplier/1atouck54,来自福建东山岛的野生海鲜，当天海钓海捕，零添加保证营养健康安全，海港产地直发顺丰冷链，让您第一时间品偿到大海的味道
海鲜,7TGoShEDXZ,海外购,40554459,6,42,SEC海外店,,1098473836,15515361765,,1,6,True,False,False,0,0,0,https://www.youzan.com/v2/fenxiao/market/supplier/7TGoShEDXZ,SEC海外店，专供各类正品时尚奢侈品
海鲜,2AG1BUM365,日用百货,19441948,64,43,海屹商城,,34312684,Honggg_,34312684,11,64,True,False,False,15,0,2.15,https://www.youzan.com/v2/fenxiao/market/supplier/2AG1BUM365,深耕全球深度供应链，主营日用百货，美妆，食品，牛奶制品，小家电
海鲜,diqj3b2g,海外购,14207968,498,43,舶来海淘,,3254612369,18002503402,,79,498,True,False,False,21,2,7.15,https://www.youzan.com/v2/fenxiao/market/supplier/diqj3b2g,强大的买手团队，跨境物流，丰富的产品线，优惠的价格体系，高效的运营团队。
海鲜,14ntVZyAvw,美妆,40443108,14,46,枫和海淘馆,,179383572,17615187695,17615187695,3,13,True,False,False,3,0,0.3,https://www.youzan.com/v2/fenxiao/market/supplier/14ntVZyAvw,公司稳定货源，国内仓库实体店，SKU500，批发零售，诚招代理，一件代发
海鲜,26vssbsn,日用百货,14003166,19256,92,抢鲜购,,40042182,641676966,,1772,19257,True,False,False,135,24,65.2,https://www.youzan.com/v2/fenxiao/market/supplier/26vssbsn,有赞热门供货商，品牌直供，品质保证，正常24小时发货，支持7天无理由退换货请放心购买
海鲜,9feq5coz,海外购,19098382,56,133,二蜜海外购,,2836816173,huayar666,,15,56,True,False,False,0,0,0,https://www.youzan.com/v2/fenxiao/market/supplier/9feq5coz,一家不正经卖正品的海淘平台
海鲜,1dgchauw9,海外购,14765864,297,155,海购HIGOO,,103832550,taominggang或Evacc1015,,41,275,True,False,False,17,2,6.75,https://www.youzan.com/v2/fenxiao/market/supplier/1dgchauw9,致力打造一条高品质有保障绝对靠谱的母婴海外供应链。百分百原产地原装进口，绝对正品保障。
海鲜,bo6gzb0g,海外购,2843923,863,187,海淘必买清单,,391817530,391817530,,171,861,True,False,False,8,0,3.05,https://www.youzan.com/v2/fenxiao/market/supplier/bo6gzb0g,专业日韩产品供应商，保证正品，支持各种形式验货
海鲜,d5vuhl9v,海外购,13254938,871,215,OzVital海外仓,,3302335546,OzVitalService,,241,862,True,False,False,5,1,1.75,https://www.youzan.com/v2/fenxiao/market/supplier/d5vuhl9v,真正海外直邮，100正品，澳洲Ozvital海外仓发货
海鲜,ta8hv4o,海外购,17827643,1003,787,木棉海外仓,,2843541137,szsuifeng,,186,904,True,False,False,21,9,14.75,https://www.youzan.com/v2/fenxiao/market/supplier/ta8hv4o,木棉海外仓是中国知名的独立海外购物平台，合法持有海外直邮保税模式的跨境电商营运资格，100原装进口，全场免税包邮。
海鲜,1by3jqs8l,海外购,17879284,4308,928,新欧洲海淘,,2654832030,Xineuropehaitao,,842,4304,True,False,False,1969,1645,1845.6,https://www.youzan.com/v2/fenxiao/market/supplier/1by3jqs8l,欧洲最大中文互联网门户旗下，欧洲首家以“分销模式经营的海淘商城。法国正品货源，品牌直供，让您足不出户“一键淘欧洲。
海鲜,10xv9gmvq,海外购,16242874,4517,1072,汇达纽约海淘,,,xiaolan2013cl,,816,4500,True,False,False,17,0,10.45,https://www.youzan.com/v2/fenxiao/market/supplier/10xv9gmvq,立足时尚纽约，推送价廉物美的海淘精品，助您拥有最省钱的国际生活品质。
海鲜,6y4d2zgc,食品,3423917,12,0,海新鲜,,184817993,HNHXX,,8,12,True,False,True,0,0,0,https://www.youzan.com/v2/fenxiao/market/supplier/6y4d2zgc,主营海南本土产的应季精品水果
海鲜,1cgwb0jm1,生鲜果蔬,17783640,2,0,海渔快生鲜,,40090394,edwardchan78,,2,2,True,False,False,0,0,0,https://www.youzan.com/v2/fenxiao/market/supplier/1cgwb0jm1,自产自销，产地直供
海鲜,5q4irilu,生鲜果蔬,16383742,3655,17,看海拾味鲜果,,1206343535,zhangyan320292,,458,3631,True,False,False,899,41,355.333333333333,https://www.youzan.com/v2/fenxiao/market/supplier/5q4irilu,重庆看海商城
海鲜,947jaYMM3J,生鲜果蔬,40016890,0,0,优海鲜,,24584568,15107558933,,0,0,True,False,False,0,0,0,https://www.youzan.com/v2/fenxiao/market/supplier/947jaYMM3J,中国最南端纯净海域三沙，自有渔船深海野捕，去鳞去肚后抽真空急冻，无水无杂质，无任何添加，开袋即烹饪。纯野生原生态海鲜
海鲜,adv8dcaw,食品,8905935,62,0,鸡山海鲜,,67707997,skb67707997,,7,62,True,False,True,0,0,0,https://www.youzan.com/v2/fenxiao/market/supplier/adv8dcaw,
海鲜,87xoxss5,食品,5018552,0,0,小海海鲜行180404,,109740567,malaxiaxie,,3,0,True,False,True,0,0,0,https://www.youzan.com/v2/fenxiao/market/supplier/87xoxss5,
海鲜,15uf772hh,生鲜果蔬,14918513,99,0,钓胃口海鲜商城,,2832596442,didiwhgeorge,,51,99,True,False,False,0,0,0,https://www.youzan.com/v2/fenxiao/market/supplier/15uf772hh,资深路亚运动冠军大咖五星私房菜名厨野生深海钓口鱼高端订制国内外路亚钓鱼旅游服务
海鲜,1dusldevj,生鲜果蔬,16813689,4,0,正宗东山岛野生海鲜,,150472705,13802790965,,4,4,True,False,False,0,0,0,https://www.youzan.com/v2/fenxiao/market/supplier/1dusldevj,东山岛野生海鲜
海鲜,1rr9vdmo,生鲜果蔬,18297672,0,0,柯家大小姐海鲜店,,,,,0,0,True,False,False,0,0,0,https://www.youzan.com/v2/fenxiao/market/supplier/1rr9vdmo,
海鲜,hpejh3pp,生鲜果蔬,15556175,5,0,一粒蛋海鲜土鸡蛋170916,,36223015,wulingmin003,,2,5,True,False,True,0,0,0,https://www.youzan.com/v2/fenxiao/market/supplier/hpejh3pp,专注饲养出最好的鸡，生出最好的蛋。
海鲜,1bx7v8rf9,生鲜果蔬,15298400,91,21,味库海鲜,,344829089,18518334326,18518334326,19,91,True,False,False,17,3,7.25,https://www.youzan.com/v2/fenxiao/market/supplier/1bx7v8rf9,提供全世界好吃好玩美味的海鲜产品，超高性价比单品和套餐搭配，发货范围可覆盖全国。
海鲜,LYEZcy4TiW,生鲜果蔬,19386920,8,13,果娘娘鲜果,,947511636,zkl947511636jy00296288,zkl947511636jy00296288,0,8,True,False,False,2,0,0.230769230769231,https://www.youzan.com/v2/fenxiao/market/supplier/LYEZcy4TiW,优质生鲜供应链，长年为大型超市及知名生鲜品牌供货，货源稳定，品质有保障，发货能力强大，欢迎同行分销合作。
海鲜,x5psyps,生鲜果蔬,13451634,117,13,广参堂鲜生,,591330178,gstkf001,,26,116,True,False,False,32,2,12.9230769230769,https://www.youzan.com/v2/fenxiao/market/supplier/x5psyps,广参堂，不仅只是大连海参，更有鱼虾蟹贝等世界海洋珍品，致力打造家庭养生餐桌海鲜一站式服务平台
海鲜,vb1DazScy8,海外购,40295662,27,393,爱尚巴黎海淘,,263281065,concorde_crossborder,yvonne_zhang2011,6,27,True,False,False,4,0,2.35,https://www.youzan.com/v2/fenxiao/market/supplier/vb1DazScy8,法国直邮可保真，免税店直接发货，足不出户淘遍法国。
海鲜,skx0kwg1,海外购,18853509,204,404,美派海淘,,2880427473,meipaigo02,janebuyer02,80,204,True,False,False,2,0,0.25,https://www.youzan.com/v2/fenxiao/market/supplier/skx0kwg1,全球海淘好物，专业海外买手一件代发，微信爆文支持白名单授权，索要请加微信：taole2014
海鲜,1gwmlqukp,海外购,18408063,451,427,蜜妈海淘,,2762493949,dekang1898,,84,448,True,False,False,26,0,9.95,https://www.youzan.com/v2/fenxiao/market/supplier/1gwmlqukp,“积善承德，康达四海，新西兰德康保健，身在新西兰，心系大中国。全新努力为您提供最优质，最安全新西兰保健品，护肤品和特产
海鲜,cgssdc0r,生鲜果蔬,18806950,10,0,海上通超低温海鲜,,274457078,shayupopi,,6,10,True,False,False,0,0,0,https://www.youzan.com/v2/fenxiao/market/supplier/cgssdc0r,深海精品海鲜，船上零下60度速冻，“贼鲜让你吃到最鲜的
海鲜,l7okx9xo,休闲零食,13455716,15,0,亲亲鱼海鲜特产零食,,381034925,xiaofangsi32,,3,15,True,False,True,0,0,0,https://www.youzan.com/v2/fenxiao/market/supplier/l7okx9xo,我公司主要经营大连特产及海外进口食品，长期致力于网商平台的推广与销售，欢迎各地区有志青年加盟
海鲜,svih53e6,宠物,1920771,17,5,小鲜粮,,无,小鲜粮,,4,16,True,False,False,6,2,3.6,https://www.youzan.com/v2/fenxiao/market/supplier/svih53e6,小鲜粮，让狗狗每天吃到新鲜粮
海鲜,ylnlwdhd,综合食品,18671927,2602,5,尛鲜生,,2099026918,mrmore01,15994675,329,2590,True,False,False,0,0,0,https://www.youzan.com/v2/fenxiao/market/supplier/ylnlwdhd,专营四川特色小吃4年，拥有2座自有工厂，供应链稳定，多次获得地方优质特色小吃生产企业称号
海鲜,pr9j2l24,生鲜果蔬,18692228,346,21,清海印象,,18600281048,qhyxkf1,qhyxkf1,79,346,True,False,False,113,0,25.05,https://www.youzan.com/v2/fenxiao/market/supplier/pr9j2l24,带你体验高原上的珍品，青藏高原美食经理电话：13693248435
海鲜,1hntr9sc6,生鲜果蔬,17084347,171,24,海林臻品,,9523666,18200168688,,22,171,True,False,False,74,26,45.15,https://www.youzan.com/v2/fenxiao/market/supplier/1hntr9sc6,海林鲜配，专注健康新鲜好食材通过我们可以为您和您的家人朋友带来更多更美味的好食材，同时也把健康带给了大家
海鲜,e4s4pvnj,休闲零食,17235822,201,91,山海市集,,3446956128,shangweishanhai,,36,201,True,False,False,7,1,3.35,https://www.youzan.com/v2/fenxiao/market/supplier/e4s4pvnj,夫礼之初，始诸饮食。赏味高品质的精致生活当从追求极致讲究的饮食开始，追求食材食物的至臻至美。亲手烹饪美食，是一种修
海鲜,GSD47vwZO5,海外购,19403081,619,225,牛海购,,wxid_lq4jft8y3q,wxid_lq4jft8y3qtn22,,37,619,True,False,False,0,0,0,https://www.youzan.com/v2/fenxiao/market/supplier/GSD47vwZO5,牛海购商城用定制化互联网购物方式，提升消费者的生活水平收入水平，改善生活品质。
海鲜,npdi9j1k,美妆,18842613,570,335,亚美海淘,,983117366,CTT1949,,81,570,True,False,False,46,0,4.3,https://www.youzan.com/v2/fenxiao/market/supplier/npdi9j1k,亚美海淘，全球好货100正品，香港直邮24小时闪电发货，轻松买国外热门好货足不出户，超低价买到国外热门美妆。
海鲜,117zkkcf,生鲜果蔬,5533293,380,0,海航货运飞尝鲜,,772195552,cargolife,,56,379,True,False,True,0,0,0,https://www.youzan.com/v2/fenxiao/market/supplier/117zkkcf,海南水果空运，当天直达
海鲜,147xnhhn8,生鲜果蔬,707421,2,0,海泉优选鲜果美食,,877775717,HaiQuanfresh,,3,2,True,False,False,0,0,0,https://www.youzan.com/v2/fenxiao/market/supplier/147xnhhn8,海泉微商城主营中高端水果及健康休闲食品，包括进口鲜果进口休闲食品和国内优质鲜果及休闲食品。
海鲜,bxo8ted8,美妆,18995734,4267,298,海豚精选,,809220285,kepler2130,lixige45,1327,4267,True,True,False,111,8,36.85,https://www.youzan.com/v2/fenxiao/market/supplier/bxo8ted8,坚持正品，坚持性价比，坚持服务质量免费提供高转化率的稿件，请联系获取
海鲜,nrt2QAJlOe,生鲜果蔬,40079687,23,4,有好生鲜,,956553773,17737138979,,7,23,True,False,False,10,2,6.5,https://www.youzan.com/v2/fenxiao/market/supplier/nrt2QAJlOe,只选好生鲜，只为好营养
海鲜,3ai1vw0o,生鲜果蔬,16483,3,5,鲜知,,1826799823,zq1675z,,0,3,True,False,False,1,0,0.4,https://www.youzan.com/v2/fenxiao/market/supplier/3ai1vw0o,我们是一家专注于企业福利与食品服务的公司。我们对产品品质的要求近于苛刻，全面高于业界标准。
海鲜,1bfl58ibi,日用百货,19050751,13,13,海燕优选,,942800014,15271425772,,6,13,True,False,False,7,0,4.15384615384615,https://www.youzan.com/v2/fenxiao/market/supplier/1bfl58ibi,南水北调源头，丹江口市沧浪海供货基地。
海鲜,13yoik63j,美妆,19324001,114,34,特海全球购,,2273697837,szsite,,15,114,True,False,False,8,0,1.7,https://www.youzan.com/v2/fenxiao/market/supplier/13yoik63j,letsdiet品牌方，源自于韩国的原创品牌。
海鲜,pxuj4w4g,综合食品,19248041,9,35,食鲜优品,,303353446,chenhaile811,valen8571,2,9,True,False,False,2,0,0.25,https://www.youzan.com/v2/fenxiao/market/supplier/pxuj4w4g,食鲜优品FoodFresh隶属于上海上蔬国际贸易有限公司，为重视生活品质的高端人群提供各种优质产品和服务的食购平台
海鲜,mirovu58,海外购,15479052,479,80,聚海优选,,1090481681,dingsmark,,67,444,True,False,False,69,19,48.3,https://www.youzan.com/v2/fenxiao/market/supplier/mirovu58,国际直采，源头保证
海鲜,kky9bnaa,日用百货,13443333,44025,86,探鲜生,,40042182,641676966,,4682,44030,True,False,False,165,9,28,https://www.youzan.com/v2/fenxiao/market/supplier/kky9bnaa,有赞热门供货商，品牌直供，品质保证，正常24小时发货，支持7天无理由退换货请放心购买
海鲜,lu74b4um,生鲜果蔬,18894764,13,7,优品生鲜,,12583886,18600092277,,4,13,True,False,False,5,0,1.85714285714286,https://www.youzan.com/v2/fenxiao/market/supplier/lu74b4um,博纳优品BONAUPIN致力将全球精品百货快速引入中国市场，目前是国内各大电商平台商超的合作伙伴。
海鲜,tJ3oOdKzun,生鲜果蔬,40418943,2,42,百媒鲜坊,,278857648,p278857648,,1,2,True,False,False,1,0,0.05,https://www.youzan.com/v2/fenxiao/market/supplier/tJ3oOdKzun,..
